{
  "obj_id": "d3c2972c-5aaf-4293-ac9a-8aafb8cfc5c1",
  "name": "bbbb",
  "description": "bbbb",
  "position": {
    "x": -70470.48,
    "y": 0.6748352,
    "z": -15807.66
  },
  "rotation": {
    "x": 21.9936028,
    "y": 35.2739639,
    "z": 27.7685146
  },
  "scale": {
    "x": 1.76224947,
    "y": 1.76224935,
    "z": 0.189778388
  },
  "is_masterplan": true
}