{
  "obj_id": "7749033a-d857-423c-ba34-1644ee5a2510",
  "name": "testrobot22.temp",
  "description": "",
  "position": {
    "x": -70477.26,
    "y": -0.906677246,
    "z": -15814.7188
  },
  "rotation": {
    "x": 70.2264,
    "y": 0.0,
    "z": 0.0
  },
  "scale": {
    "x": 1.0,
    "y": 1.00000012,
    "z": 2.835282
  },
  "is_masterplan": true
}