{
  "obj_id": "453987c9-710f-4bf4-bddf-e92b939edd1d",
  "name": "testrobot.temp",
  "description": "",
  "position": {
    "x": -70477.26,
    "y": -0.906677246,
    "z": -15814.7188
  },
  "rotation": {
    "x": 70.2264,
    "y": 0.0,
    "z": 0.0
  },
  "scale": {
    "x": 1.0,
    "y": 1.00000012,
    "z": 1.00000012
  },
  "is_masterplan": true
}